{
  "channels": [
    "defaults"
  ],
  "conda_build_version": "3.4.0",
  "conda_private": false,
  "conda_version": "4.3.31",
  "description": "Winpty is a Windows software package providing an interface similar to a Unix\npty-master for communicating with Windows console programs. The package\nconsists of a library (libwinpty) and a tool for Cygwin and MSYS for running\nWindows console programs in a Cygwin/MSYS pty.\n",
  "dev_url": "https://github.com/rprichard/winpty",
  "doc_url": "https://github.com/rprichard/winpty",
  "env_vars": {
    "CIO_TEST": "<not set>",
    "CONDA_DEFAULT_ENV": "root",
    "CONDA_ENVS_PATH": "<not set>",
    "PATH": "C:\\ci\\containers\\00000925r29\\tmp\\build\\80754af9\\mc;C:\\ci\\containers\\00000925r29\\tmp\\build\\80754af9\\mc\\Library\\mingw-w64\\bin;C:\\ci\\containers\\00000925r29\\tmp\\build\\80754af9\\mc\\Library\\usr\\bin;C:\\ci\\containers\\00000925r29\\tmp\\build\\80754af9\\mc\\Library\\bin;C:\\ci\\containers\\00000925r29\\tmp\\build\\80754af9\\mc\\Scripts;C:\\Miniconda3;C:\\Miniconda3\\Library\\mingw-w64\\bin;C:\\Miniconda3\\Library\\usr\\bin;C:\\Miniconda3\\Library\\bin;C:\\Miniconda3\\Scripts;C:\\Program Files (x86)\\Common Files\\Intel\\Shared Libraries\\redist\\intel64\\mpirt;C:\\Program Files (x86)\\Common Files\\Intel\\Shared Libraries\\redist\\intel64\\compiler;C:\\Program Files (x86)\\Common Files\\Intel\\Shared Libraries\\redist\\ia32\\mpirt;C:\\Program Files (x86)\\Common Files\\Intel\\Shared Libraries\\redist\\ia32\\compiler;C:\\Program Files (x86)\\Common Files\\Intel\\Shared Libraries\\redist\\intel64_win\\mpirt;C:\\Program Files (x86)\\Common Files\\Intel\\Shared Libraries\\redist\\ia32_win\\mpirt;C:\\Program Files (x86)\\Common Files\\Intel\\Shared Libraries\\redist\\intel64_win\\compiler;C:\\Program Files (x86)\\Common Files\\Intel\\Shared Libraries\\redist\\ia32_win\\compiler;C:\\WINDOWS\\system32;C:\\WINDOWS;C:\\WINDOWS\\System32\\Wbem;C:\\WINDOWS\\System32\\WindowsPowerShell\\v1.0\\;C:\\Program Files (x86)\\PuTTY\\;C:\\Program Files\\TortoiseSVN\\bin;C:\\Program Files\\TortoiseHg\\;C:\\Program Files (x86)\\Windows Kits\\10\\Windows Performance Toolkit\\;C:\\Program Files\\Microsoft Windows Performance Toolkit\\;C:\\Users\\builder\\AppData\\Local\\Microsoft\\WindowsApps;C:\\Users\\builder\\AppData\\Local\\Programs\\MiKTeX 2.9\\miktex\\bin\\x64\\",
    "PYTHONHOME": "<not set>",
    "PYTHONPATH": "<not set>"
  },
  "home": "https://github.com/rprichard/winpty",
  "license": "MIT",
  "root_pkgs": [
    "asn1crypto 0.23.0 py36h546eea3_0",
    "beautifulsoup4 4.6.0 py36hd4cc5e8_1",
    "ca-certificates 2017.08.26 h94faf87_0",
    "certifi 2017.11.5 py36hb8ac631_0",
    "cffi 1.11.2 py36h829d1a5_0",
    "chardet 3.0.4 py36h420ce6e_1",
    "conda 4.3.31 py36_0",
    "conda-build 3.4.0 py36_0",
    "conda-env 2.6.0 h36134e3_1",
    "conda-verify 2.0.0 py36h065de53_0",
    "console_shortcut 0.1.1 h6bb2dd7_3",
    "cryptography 2.1.4 py36he1d7878_0",
    "filelock 2.0.13 py36h20000bf_0",
    "git 2.16.1 0",
    "glob2 0.6 py36hdf76b57_0",
    "idna 2.6 py36h148d497_1",
    "jinja2 2.10 py36h292fed1_0",
    "m2-msys2-runtime 2.5.0.17080.65c939c 3",
    "m2-patch 2.7.5 2",
    "markupsafe 1.0 py36h0e26971_1",
    "menuinst 1.4.10 py36h42196fb_0",
    "msys2-conda-epoch 20160418 1",
    "openssl 1.0.2n h74b6da3_0",
    "pip 9.0.1 py36h226ae91_4",
    "pkginfo 1.4.1 py36hb0f9cfa_1",
    "pycosat 0.6.3 py36h413d8a4_0",
    "pycparser 2.18 py36hd053e01_1",
    "pyopenssl 17.5.0 py36h5b7d817_0",
    "pysocks 1.6.7 py36h698d350_1",
    "python 3.6.3 h3b118a2_4",
    "pywin32 221 py36h9c10281_0",
    "pyyaml 3.12 py36h1d1928f_1",
    "requests 2.18.4 py36h4371aae_1",
    "ruamel_yaml 0.11.14 py36h9b16331_2",
    "setuptools 36.5.0 py36h65f9e6e_0",
    "six 1.11.0 py36h4db2310_1",
    "urllib3 1.22 py36h276f60a_0",
    "vc 14 h2379b0c_2",
    "vs2015_runtime 14.0.25123 hd4c4e62_2",
    "wheel 0.30.0 py36h6c3ec14_1",
    "wincertstore 0.2 py36h7fe50ca_0",
    "win_inet_pton 1.0.1 py36he67d7fd_1",
    "yaml 0.1.7 hc54c509_2"
  ],
  "summary": "Winpty provides an interface similar to a Unix pty-master for communicating\nwith Windows console programs.\n"
}