{
  "paths": [
    {
      "_path": "Library/bin/winpty-agent.exe",
      "path_type": "hardlink",
      "sha256": "d7956edec2b64f2e8b0136a55ec1c1af60edd4faef5ae865560c75fb7fec25ff",
      "size_in_bytes": 2627338
    },
    {
      "_path": "Library/bin/winpty.dll",
      "path_type": "hardlink",
      "sha256": "fc705c1e6d0a9f5a2cc1a4a04bb7c4f518ad33a4574c64b28633bf88f08bd54e",
      "size_in_bytes": 2509089
    },
    {
      "_path": "Library/include/winpty.h",
      "path_type": "hardlink",
      "sha256": "35ac2bd9561f26b8cc9324aa9f1be500ff4a7b13c2b66cf65c3499f559d7b4e7",
      "size_in_bytes": 9189
    },
    {
      "_path": "Library/include/winpty_constants.h",
      "path_type": "hardlink",
      "sha256": "2720b82db1487ed9276b760c322207b7f1e9d1c4b62994f9f8431ee7c3d8424a",
      "size_in_bytes": 5697
    },
    {
      "_path": "Library/lib/winpty.lib",
      "path_type": "hardlink",
      "sha256": "1f16b5174fc90121b4d275ad30522b778e26f89f078dbaf7197cce659b1eed38",
      "size_in_bytes": 12294
    }
  ],
  "paths_version": 1
}