{
  "channels": [
    "https://repo.anaconda.com/pkgs/r"
  ],
  "conda_build_version": "3.21.4",
  "conda_private": false,
  "conda_version": "4.9.2",
  "dev_url": "https://bitbucket.org/tiran/defusedxml",
  "doc_url": "https://bitbucket.org/tiran/defusedxml",
  "env_vars": {
    "CIO_TEST": "<not set>"
  },
  "extra": {
    "copy_test_source_files": true,
    "final": true,
    "recipe-maintainers": [
      "pmlandwehr"
    ]
  },
  "home": "https://bitbucket.org/tiran/defusedxml",
  "identifiers": [],
  "keywords": [],
  "license": "PSF 2.0",
  "license_family": "PSF",
  "license_file": "LICENSE",
  "root_pkgs": [
    "_libgcc_mutex 0.1 main",
    "anaconda-client 1.7.2 py37_0",
    "binutils_impl_linux-64 2.31.1 h6176602_1",
    "binutils_linux-64 2.31.1 h6176602_8",
    "bzip2 1.0.8 h7b6447c_0",
    "clyent 1.2.2 py37_1",
    "curl 7.65.3 hbc83047_0",
    "gcc_impl_linux-64 7.3.0 habb00fd_1",
    "gcc_linux-64 7.3.0 h553295d_8",
    "git 2.20.1 pl526hacde149_0",
    "gxx_impl_linux-64 7.3.0 hdf63c60_1",
    "gxx_linux-64 7.3.0 h553295d_8",
    "libcurl 7.65.3 h20c2e04_0",
    "libgcc-ng 9.1.0 hdf63c60_0",
    "libstdcxx-ng 9.1.0 hdf63c60_0",
    "perl 5.26.2 h14c3975_0",
    "pip 19.2.2 py37_0",
    "zlib 1.2.11 h7b6447c_3",
    "ca-certificates 2021.1.19 h06a4308_0",
    "ld_impl_linux-64 2.33.1 h53a641e_7",
    "ripgrep 12.1.1 0",
    "expat 2.2.10 he6710b0_2",
    "icu 58.2 he6710b0_3",
    "libffi 3.3 he6710b0_2",
    "liblief 0.10.1 he6710b0_0",
    "lz4-c 1.9.3 h2531618_0",
    "ncurses 6.2 he6710b0_1",
    "openssl 1.1.1j h27cfd23_0",
    "patchelf 0.12 h2531618_1",
    "xz 5.2.5 h7b6447c_0",
    "yaml 0.2.5 h7b6447c_0",
    "libedit 3.1.20191231 h14c3975_1",
    "libssh2 1.9.0 h1ba5d50_1",
    "libxml2 2.9.10 hb55368b_3",
    "readline 8.1 h27cfd23_0",
    "tk 8.6.10 hbc83047_0",
    "zstd 1.4.5 h9ceee32_0",
    "krb5 1.16.4 h173b8e3_0",
    "libarchive 3.4.2 h62408e4_0",
    "sqlite 3.33.0 h62c20be_0",
    "python 3.7.10 hdb3f193_0",
    "attrs 20.3.0 pyhd3eb1b0_0",
    "certifi 2020.12.5 py37h06a4308_0",
    "chardet 4.0.0 py37h06a4308_1003",
    "filelock 3.0.12 pyhd3eb1b0_1",
    "glob2 0.7 pyhd3eb1b0_0",
    "idna 2.10 pyhd3eb1b0_0",
    "ipython_genutils 0.2.0 pyhd3eb1b0_1",
    "markupsafe 1.1.1 py37h14c3975_1",
    "pkginfo 1.7.0 py37h06a4308_0",
    "psutil 5.8.0 py37h27cfd23_1",
    "py-lief 0.10.1 py37h403a769_0",
    "pycosat 0.6.3 py37h27cfd23_0",
    "pycparser 2.20 py_2",
    "pyrsistent 0.17.3 py37h7b6447c_0",
    "pysocks 1.7.1 py37_1",
    "python-libarchive-c 2.9 pyhd3eb1b0_0",
    "pytz 2021.1 pyhd3eb1b0_0",
    "pyyaml 5.4.1 py37h27cfd23_1",
    "ruamel_yaml 0.15.87 py37h7b6447c_1",
    "six 1.15.0 py37h06a4308_0",
    "tqdm 4.56.0 pyhd3eb1b0_0",
    "wheel 0.36.2 pyhd3eb1b0_0",
    "zipp 3.4.0 pyhd3eb1b0_0",
    "cffi 1.14.5 py37h261ae71_0",
    "conda-package-handling 1.7.2 py37h03888b9_0",
    "importlib-metadata 2.0.0 py_1",
    "python-dateutil 2.8.1 pyhd3eb1b0_0",
    "setuptools 52.0.0 py37h06a4308_0",
    "traitlets 5.0.5 pyhd3eb1b0_0",
    "brotlipy 0.7.0 py37h27cfd23_1003",
    "cryptography 3.3.1 py37h3c74f83_1",
    "importlib_metadata 2.0.0 1",
    "jinja2 2.11.3 pyhd3eb1b0_0",
    "jupyter_core 4.7.1 py37h06a4308_0",
    "jsonschema 3.2.0 py_2",
    "pyopenssl 20.0.1 pyhd3eb1b0_1",
    "nbformat 5.1.2 pyhd3eb1b0_1",
    "urllib3 1.26.3 pyhd3eb1b0_0",
    "requests 2.25.1 pyhd3eb1b0_0",
    "conda 4.9.2 py37h06a4308_0",
    "beautifulsoup4 4.9.3 pyha847dfd_0",
    "conda-build 3.21.4 py37h06a4308_0",
    "soupsieve 2.2 pyhd3eb1b0_0"
  ],
  "summary": "XML bomb protection for Python stdlib modules",
  "tags": []
}