{
  "paths": [
    {
      "_path": "site-packages/defusedxml-0.7.1.dist-info/INSTALLER",
      "path_type": "hardlink",
      "sha256": "d0edee15f91b406f3f99726e44eb990be6e34fd0345b52b910c568e0eef6a2a8",
      "size_in_bytes": 5
    },
    {
      "_path": "site-packages/defusedxml-0.7.1.dist-info/LICENSE",
      "path_type": "hardlink",
      "sha256": "b80ce9da8c42a1f91079627fbbe2bf27210ae108a0ffe5f077d5b08e076c24c8",
      "size_in_bytes": 2409
    },
    {
      "_path": "site-packages/defusedxml-0.7.1.dist-info/METADATA",
      "path_type": "hardlink",
      "sha256": "369d3cef64870daf849fba711cb8d05a7efe3c8d9ab0f763adc34079fe378bb1",
      "size_in_bytes": 32518
    },
    {
      "_path": "site-packages/defusedxml-0.7.1.dist-info/RECORD",
      "path_type": "hardlink",
      "sha256": "fca6b1567fcc88d2fba042197714c1da900c2466d11c2f7d551d18499e7fbbb6",
      "size_in_bytes": 2116
    },
    {
      "_path": "site-packages/defusedxml-0.7.1.dist-info/REQUESTED",
      "path_type": "hardlink",
      "sha256": "e3b0c44298fc1c149afbf4c8996fb92427ae41e4649b934ca495991b7852b855",
      "size_in_bytes": 0
    },
    {
      "_path": "site-packages/defusedxml-0.7.1.dist-info/WHEEL",
      "path_type": "hardlink",
      "sha256": "67e9f2629c2b712ab17ddbb1e4c6e7fc3439db988fec9d831b72601af398c934",
      "size_in_bytes": 110
    },
    {
      "_path": "site-packages/defusedxml-0.7.1.dist-info/direct_url.json",
      "path_type": "hardlink",
      "sha256": "01808ed66aaa1431cb09204ee6826f4a3519d89f90eedf2c51c838a54513e937",
      "size_in_bytes": 83
    },
    {
      "_path": "site-packages/defusedxml-0.7.1.dist-info/top_level.txt",
      "path_type": "hardlink",
      "sha256": "4061daf74179d2954a856485944448d23b522ada83886c9f7995fb750359000c",
      "size_in_bytes": 11
    },
    {
      "_path": "site-packages/defusedxml/ElementTree.py",
      "path_type": "hardlink",
      "sha256": "18b4aaa42cf9f285c63c6cb37ff1f296c3d2f7f75c1953f948de1d2bbcafc8fc",
      "size_in_bytes": 4640
    },
    {
      "_path": "site-packages/defusedxml/__init__.py",
      "path_type": "hardlink",
      "sha256": "45ccde695246eb8a76160cb58e50b36ee45d72110f9c468206bc6093c249fe93",
      "size_in_bytes": 1444
    },
    {
      "_path": "site-packages/defusedxml/cElementTree.py",
      "path_type": "hardlink",
      "sha256": "3e968a321deb536f6c63c6a600ae1fcc740a97c81c0180f48752c2a16eb646d9",
      "size_in_bytes": 1449
    },
    {
      "_path": "site-packages/defusedxml/common.py",
      "path_type": "hardlink",
      "sha256": "ddddba8cd5b87cd5f38235a1bd47ecf3701f8b3e44571143ba941bba09123197",
      "size_in_bytes": 4036
    },
    {
      "_path": "site-packages/defusedxml/expatbuilder.py",
      "path_type": "hardlink",
      "sha256": "6f8434e6fb01309e52b6489315fe26cb6ac61a8d60672125fe10b931e1533800",
      "size_in_bytes": 3732
    },
    {
      "_path": "site-packages/defusedxml/expatreader.py",
      "path_type": "hardlink",
      "sha256": "28ea52af0912be3e5218e63da535ce336e839f3d34aec26ddf75ae795bf3a6f7",
      "size_in_bytes": 2196
    },
    {
      "_path": "site-packages/defusedxml/lxml.py",
      "path_type": "hardlink",
      "sha256": "1d6f8b14a76b7cc4731dd8b455cb9cab8fa7f32cfbbff390c04416160d494180",
      "size_in_bytes": 4940
    },
    {
      "_path": "site-packages/defusedxml/minidom.py",
      "path_type": "hardlink",
      "sha256": "dd0720ca057026a7160d0dc86768a897ccec1f8731dc1457ef448f71dd1b1b68",
      "size_in_bytes": 1884
    },
    {
      "_path": "site-packages/defusedxml/pulldom.py",
      "path_type": "hardlink",
      "sha256": "0d88f60f695cef1a31677f207f3ba35e67739ddf28bf30ea1855eac976edc639",
      "size_in_bytes": 1170
    },
    {
      "_path": "site-packages/defusedxml/sax.py",
      "path_type": "hardlink",
      "sha256": "f92174f0cb1cda6584600330eb6a49e4533059c70e72d1529d0c032d82cb9551",
      "size_in_bytes": 1477
    },
    {
      "_path": "site-packages/defusedxml/xmlrpc.py",
      "path_type": "hardlink",
      "sha256": "eeb6507b2deda9771cd61aeb337469ace20253a7e2167cbd07d9789e64e2a310",
      "size_in_bytes": 5364
    }
  ],
  "paths_version": 1
}