{
  "channels": [
    "https://conda.anaconda.org/conda-forge",
    "https://repo.anaconda.com/pkgs/main"
  ],
  "conda_build_version": "3.21.4",
  "conda_private": false,
  "conda_version": "4.10.3",
  "dev_url": "https://github.com/jgm/pandocfilters",
  "env_vars": {
    "CIO_TEST": "<not set>"
  },
  "extra": {
    "copy_test_source_files": true,
    "final": true,
    "recipe-maintainers": [
      "ickc",
      "minrk"
    ]
  },
  "home": "https://github.com/jgm/pandocfilters",
  "identifiers": [],
  "keywords": [],
  "license": "BSD-3-Clause",
  "license_file": "LICENSE",
  "root_pkgs": [
    "six 1.16.0 pyh6c4a22f_0",
    "python_abi 3.8 2_cp38",
    "curl 7.78.0 hea6ffbf_0",
    "yaml 0.2.5 h516909a_0",
    "libev 4.33 h516909a_1",
    "beautifulsoup4 4.9.3 pyhb0f4dca_0",
    "libxml2 2.9.12 h72842e0_0",
    "zlib 1.2.11 h516909a_1010",
    "jsonschema 3.2.0 pyhd8ed1ab_3",
    "c-ares 1.17.1 h7f98852_1",
    "ld_impl_linux-64 2.36.1 hea4e1c9_2",
    "lz4-c 1.9.3 h9c3ff4c_0",
    "jupyter_core 4.7.1 py38h578d9bd_0",
    "brotlipy 0.7.0 py38h497a2fe_1001",
    "setuptools 49.6.0 py38h578d9bd_3",
    "pkginfo 1.7.1 pyhd8ed1ab_0",
    "pysocks 1.7.1 py38h578d9bd_3",
    "soupsieve 2.0.1 py_1",
    "git 2.32.0 pl5321hc30692c_0",
    "certifi 2021.5.30 py38h578d9bd_0",
    "lzo 2.10 h516909a_1000",
    "glob2 0.7 py_0",
    "libstdcxx-ng 11.1.0 h56837e0_4",
    "perl 5.32.1 0_h7f98852_perl5",
    "py-lief 0.11.5 py38h709712a_0",
    "idna 3.1 pyhd3deb0d_0",
    "jinja2 3.0.1 pyhd8ed1ab_0",
    "traitlets 5.0.5 py_0",
    "python-dateutil 2.8.2 pyhd8ed1ab_0",
    "libiconv 1.16 h516909a_0",
    "wheel 0.36.2 pyhd3deb0d_0",
    "libgcc-ng 11.1.0 hc902ee8_4",
    "su-exec 0.2 h516909a_1002",
    "conda-package-handling 1.7.3 py38h497a2fe_0",
    "ruamel_yaml 0.15.80 py38h497a2fe_1004",
    "tini 0.18.0 h14c3975_1001",
    "expat 2.4.1 h9c3ff4c_0",
    "clyent 1.2.2 py_1",
    "pycparser 2.20 pyh9f0ad1d_2",
    "urllib3 1.26.6 pyhd8ed1ab_0",
    "pycosat 0.6.3 py38h497a2fe_1006",
    "libgomp 11.1.0 hc902ee8_4",
    "markupsafe 2.0.1 py38h497a2fe_0",
    "libffi 3.3 h58526e2_2",
    "krb5 1.19.2 hcc1bbae_0",
    "_libgcc_mutex 0.1 conda_forge",
    "tqdm 4.61.2 pyhd8ed1ab_1",
    "python 3.8.10 h49503c6_1_cpython",
    "libssh2 1.9.0 ha56f1ee_6",
    "cffi 1.14.6 py38ha65f79e_0",
    "pcre2 10.37 h032f7d1_0",
    "tk 8.6.10 h21135ba_1",
    "conda-build 3.21.4 py38h578d9bd_0",
    "ipython_genutils 0.2.0 py_1",
    "zstd 1.5.0 ha95c52a_0",
    "icu 68.1 h58526e2_0",
    "pyopenssl 20.0.1 pyhd8ed1ab_0",
    "cryptography 3.4.7 py38ha5dfef3_0",
    "readline 8.1 h46c0cb4_0",
    "nbformat 5.1.3 pyhd8ed1ab_0",
    "_openmp_mutex 4.5 1_gnu",
    "xz 5.2.5 h516909a_1",
    "libcurl 7.78.0 h2574ce0_0",
    "attrs 21.2.0 pyhd8ed1ab_0",
    "libarchive 3.5.1 hccf745f_2",
    "ripgrep 13.0.0 habb4d0f_0",
    "pytz 2021.1 pyhd8ed1ab_0",
    "liblief 0.11.5 h9c3ff4c_0",
    "charset-normalizer 2.0.0 pyhd8ed1ab_0",
    "importlib-metadata 4.6.1 py38h578d9bd_0",
    "ca-certificates 2021.5.30 ha878542_0",
    "psutil 5.8.0 py38h497a2fe_1",
    "requests 2.26.0 pyhd8ed1ab_0",
    "zipp 3.5.0 pyhd8ed1ab_0",
    "gettext 0.19.8.1 h0b5b191_1005",
    "anaconda-client 1.7.2 pyhd8ed1ab_1",
    "patchelf 0.11 he1b5a44_0",
    "sqlite 3.36.0 h9cd32fc_0",
    "filelock 3.0.12 pyh9f0ad1d_0",
    "ncurses 6.2 h58526e2_4",
    "bzip2 1.0.8 h7f98852_4",
    "chardet 4.0.0 py38h578d9bd_1",
    "patch 2.7.6 h7f98852_1002",
    "libedit 3.1.20191231 he28a2e2_2",
    "libnghttp2 1.43.0 h812cca2_0",
    "pyyaml 5.4.1 py38h497a2fe_0",
    "pyrsistent 0.17.3 py38h497a2fe_2",
    "python-libarchive-c 3.1 py38h578d9bd_0",
    "openssl 1.1.1l h7f98852_0",
    "conda-forge-ci-setup 3.10.2 py38h7bc8238_0",
    "oniguruma 6.9.7.1 h7f98852_0",
    "shyaml 0.6.2 pyhd3deb0d_0",
    "click 8.0.1 py38h578d9bd_0",
    "conda-env 2.6.0 1",
    "conda 4.10.3 py38h578d9bd_1",
    "pip 21.2.4 pyhd8ed1ab_0",
    "jq 1.6 h36c2ea0_1000"
  ],
  "summary": "A python module for writing pandoc filters",
  "tags": []
}