{
  "paths": [
    {
      "_path": "site-packages/pandocfilters-1.5.0.dist-info/INSTALLER",
      "path_type": "hardlink",
      "sha256": "d0edee15f91b406f3f99726e44eb990be6e34fd0345b52b910c568e0eef6a2a8",
      "size_in_bytes": 5
    },
    {
      "_path": "site-packages/pandocfilters-1.5.0.dist-info/LICENSE",
      "path_type": "hardlink",
      "sha256": "56766ce9972a533fcf67330f1abbeb414e153c7e58c27dc54441bc0fafa81492",
      "size_in_bytes": 1496
    },
    {
      "_path": "site-packages/pandocfilters-1.5.0.dist-info/METADATA",
      "path_type": "hardlink",
      "sha256": "4f71274cef566625ea59aa5e341367ed3651d7c05db4df941f1f2ae540c7d7e8",
      "size_in_bytes": 8998
    },
    {
      "_path": "site-packages/pandocfilters-1.5.0.dist-info/RECORD",
      "path_type": "hardlink",
      "sha256": "f17ced9e3ba2bc818c1babf80ff10dc4b35f38f392dd38b55afab4e1b486d6bc",
      "size_in_bytes": 830
    },
    {
      "_path": "site-packages/pandocfilters-1.5.0.dist-info/REQUESTED",
      "path_type": "hardlink",
      "sha256": "e3b0c44298fc1c149afbf4c8996fb92427ae41e4649b934ca495991b7852b855",
      "size_in_bytes": 0
    },
    {
      "_path": "site-packages/pandocfilters-1.5.0.dist-info/WHEEL",
      "path_type": "hardlink",
      "sha256": "5b367c7308e1f25d23b542cd8d8ab51e9afe582a824603ebfbe4d7e0fe48d56a",
      "size_in_bytes": 110
    },
    {
      "_path": "site-packages/pandocfilters-1.5.0.dist-info/direct_url.json",
      "path_type": "hardlink",
      "sha256": "19318a2f0832056ad6749847c760a5d018f53b836c6872e2d547208821b5e04c",
      "size_in_bytes": 109
    },
    {
      "_path": "site-packages/pandocfilters-1.5.0.dist-info/top_level.txt",
      "path_type": "hardlink",
      "sha256": "87b8354e84563a696aadf8c4117127025462b410050e8abc988fab34e09263ff",
      "size_in_bytes": 14
    },
    {
      "_path": "site-packages/pandocfilters.py",
      "path_type": "hardlink",
      "sha256": "f3218530ab93b7b14ca3f3d537883045d4ffab51391dcb168223d4d17e23b53a",
      "size_in_bytes": 9052
    }
  ],
  "paths_version": 1
}