{
  "channels": [
    "conda-forge",
    "defaults"
  ],
  "conda_build_version": "3.17.8",
  "conda_private": false,
  "conda_version": "4.6.7",
  "dev_url": "https://github.com/sloria/TextBlob",
  "doc_url": "https://textblob.readthedocs.io/en/dev/",
  "env_vars": {
    "CIO_TEST": "<not set>"
  },
  "extra": {
    "copy_test_source_files": true,
    "final": true,
    "recipe-maintainers": [
      "pmlandwehr"
    ]
  },
  "home": "https://github.com/sloria/TextBlob",
  "identifiers": [],
  "keywords": [],
  "license": "MIT",
  "license_family": "MIT",
  "license_file": "LICENSE",
  "root_pkgs": [
    "filelock 3.0.10 py_0",
    "beautifulsoup4 4.7.1 py37_1001",
    "lz4-c 1.8.3 hf484d3e_1001",
    "liblief 0.9.0 h7725739_2",
    "lzo 2.10 h14c3975_1000",
    "soupsieve 1.8 py37_0",
    "pycosat 0.6.3 py37h14c3975_1001",
    "conda-build 3.17.8 py37_0",
    "conda 4.6.7 py37_0",
    "expat 2.2.6 he6710b0_0",
    "traitlets 4.3.2 py37_1000",
    "openssl 1.1.1a h14c3975_1000",
    "readline 7.0 hf8c457e_1001",
    "cffi 1.12.1 py37h9745a5d_0",
    "libarchive 3.3.3 h5d8350f_2",
    "pytz 2018.9 py_0",
    "anaconda-client 1.7.2 py_0",
    "libcurl 7.62.0 h20c2e04_0",
    "python 3.7.2 h0371630_0",
    "gettext 0.19.8.1 h9745a5d_1001",
    "requests 2.21.0 py37_1000",
    "urllib3 1.24.1 py37_1000",
    "sqlite 3.26.0 h67949de_1000",
    "libedit 3.1.20170329 hf8c457e_1001",
    "pkginfo 1.5.0.1 py_0",
    "python-dateutil 2.8.0 py_0",
    "setuptools 40.8.0 py37_0",
    "idna 2.8 py37_1000",
    "libgcc-ng 7.3.0 hdf63c60_0",
    "decorator 4.3.2 py_0",
    "zstd 1.3.3 1",
    "pip 19.0.3 py37_0",
    "yaml 0.1.7 h14c3975_1001",
    "krb5 1.14.6 0",
    "pycparser 2.19 py_0",
    "attrs 18.2.0 py_0",
    "ca-certificates 2018.11.29 ha4d7672_0",
    "py-lief 0.9.0 py37h7725739_2",
    "wheel 0.33.1 py37_0",
    "icu 58.2 hf484d3e_1000",
    "tk 8.6.9 h84994c4_1000",
    "tini 0.18.0 h14c3975_1001",
    "curl 7.62.0 hbc83047_0",
    "tqdm 4.31.1 py_0",
    "markupsafe 1.1.0 py37h14c3975_1000",
    "glob2 0.6 py_0",
    "libssh2 1.8.0 1",
    "libstdcxx-ng 7.3.0 hdf63c60_0",
    "patchelf 0.9 hf484d3e_1002",
    "certifi 2018.11.29 py37_1000",
    "jinja2 2.10 py_1",
    "nbformat 4.4.0 py_1",
    "cryptography 2.5 py37h1ba5d50_0",
    "git 2.19.1 pl526hacde149_0",
    "conda-env 2.6.0 1",
    "asn1crypto 0.24.0 py37_1003",
    "perl 5.26.2 h14c3975_1002",
    "bzip2 1.0.6 h14c3975_1002",
    "jsonschema 3.0.0a3 py37_1000",
    "libiconv 1.15 h14c3975_1004",
    "pyrsistent 0.14.11 py37h14c3975_0",
    "ipython_genutils 0.2.0 py_1",
    "six 1.12.0 py37_1000",
    "python-libarchive-c 2.8 py37_1004",
    "ncurses 6.1 hf484d3e_1002",
    "jupyter_core 4.4.0 py_0",
    "xz 5.2.4 h14c3975_1001",
    "psutil 5.5.1 py37h14c3975_0",
    "libffi 3.2.1 hf484d3e_1005",
    "ruamel_yaml 0.15.71 py37h14c3975_1000",
    "pyyaml 3.13 py37h14c3975_1001",
    "chardet 3.0.4 py37_1003",
    "pyopenssl 19.0.0 py37_0",
    "libxml2 2.9.8 h143f9aa_1005",
    "gosu 1.10 h81701ea_1001",
    "pysocks 1.6.8 py37_1002",
    "clyent 1.2.2 py_1",
    "zlib 1.2.11 h14c3975_1004",
    "conda-forge-ci-setup 2.1.5 py37_0",
    "click 7.0 py_0"
  ],
  "summary": "Simple, Pythonic text processing. Sentiment analysis, part-of-speech tagging, noun phrase parsing, and more.",
  "tags": []
}