{
  "paths": [
    {
      "_path": "site-packages/textblob-0.15.3-py2.7.egg-info/PKG-INFO",
      "path_type": "hardlink",
      "sha256": "4d0430706398d27b1ecdd1a8f28f0f4b349875923af224a7be94d5022b969b9d",
      "size_in_bytes": 5006
    },
    {
      "_path": "site-packages/textblob-0.15.3-py2.7.egg-info/SOURCES.txt",
      "path_type": "hardlink",
      "sha256": "f51f8322006be7d7d66e63cbdeb191d3b3fc927710d9636541106986c73210fd",
      "size_in_bytes": 1060
    },
    {
      "_path": "site-packages/textblob-0.15.3-py2.7.egg-info/dependency_links.txt",
      "path_type": "hardlink",
      "sha256": "01ba4719c80b6fe911b091a7c05124b64eeece964e09c058ef8f9805daca546b",
      "size_in_bytes": 1
    },
    {
      "_path": "site-packages/textblob-0.15.3-py2.7.egg-info/not-zip-safe",
      "path_type": "hardlink",
      "sha256": "01ba4719c80b6fe911b091a7c05124b64eeece964e09c058ef8f9805daca546b",
      "size_in_bytes": 1
    },
    {
      "_path": "site-packages/textblob-0.15.3-py2.7.egg-info/requires.txt",
      "path_type": "hardlink",
      "sha256": "a8f2ed4335bf2f983cd842a87c24ddefa884b33e296aa6fd4f7026037c4bb308",
      "size_in_bytes": 10
    },
    {
      "_path": "site-packages/textblob-0.15.3-py2.7.egg-info/top_level.txt",
      "path_type": "hardlink",
      "sha256": "435f2954dcb899778a4cfd9dc00c6ecbdc13e104ecb0c1d4e85f9976ff5b7a70",
      "size_in_bytes": 9
    },
    {
      "_path": "site-packages/textblob/__init__.py",
      "path_type": "hardlink",
      "sha256": "c3b2838fdc294eaa0c5d2c3cf506b9751df2330e32590f7c3b88fe78eec5dfd5",
      "size_in_bytes": 292
    },
    {
      "_path": "site-packages/textblob/_text.py",
      "path_type": "hardlink",
      "sha256": "74eadf3b014715a2da6d3addb077bd29eb011f547e3919eee4ab62d016078475",
      "size_in_bytes": 61524
    },
    {
      "_path": "site-packages/textblob/base.py",
      "path_type": "hardlink",
      "sha256": "78f48568b36951fee37499020eac0f45699def9d26fe3735b8c455a8f05b1a0f",
      "size_in_bytes": 2967
    },
    {
      "_path": "site-packages/textblob/blob.py",
      "path_type": "hardlink",
      "sha256": "d9bf88a0a9ddb41e2aec93305024f7b0987a8ccd90a0e08303bc2df7deae484a",
      "size_in_bytes": 29626
    },
    {
      "_path": "site-packages/textblob/classifiers.py",
      "path_type": "hardlink",
      "sha256": "ab8acbc50ab3ab7fa7d78e59d844e39b3ce3e1dbc6413dae3839913a0b394a5a",
      "size_in_bytes": 19716
    },
    {
      "_path": "site-packages/textblob/compat.py",
      "path_type": "hardlink",
      "sha256": "c302fcd513f2ad0a6a121835b998e073811754a59453729fd00e68f8caf5e040",
      "size_in_bytes": 1485
    },
    {
      "_path": "site-packages/textblob/decorators.py",
      "path_type": "hardlink",
      "sha256": "1794cb13c33032a92ebb6f16b36d221ce13f84df959820727e8482de68871309",
      "size_in_bytes": 1085
    },
    {
      "_path": "site-packages/textblob/download_corpora.py",
      "path_type": "hardlink",
      "sha256": "686746eec445d7c9e5495119415fee3585174e2b7354c0cc70131c9796fce814",
      "size_in_bytes": 1028
    },
    {
      "_path": "site-packages/textblob/en/__init__.py",
      "path_type": "hardlink",
      "sha256": "d7350e1b0503dff1cace48332310d42f941ae09ad67ead8f0f1629e5d095ac2b",
      "size_in_bytes": 4370
    },
    {
      "_path": "site-packages/textblob/en/en-context.txt",
      "path_type": "hardlink",
      "sha256": "d78dc6807bdaacc8e69e3a3635ce2cee548a243eacce8aacbf1fe65093980131",
      "size_in_bytes": 6578
    },
    {
      "_path": "site-packages/textblob/en/en-entities.txt",
      "path_type": "hardlink",
      "sha256": "568873e0ab9a807ad69640e5f0504e733983c424a3665425e07c24c8fa5bb51e",
      "size_in_bytes": 10334
    },
    {
      "_path": "site-packages/textblob/en/en-lexicon.txt",
      "path_type": "hardlink",
      "sha256": "9545c71faf16e4461d0bff1d9948fe92b2cf94766af118a6c69c37b43363d5d2",
      "size_in_bytes": 1220323
    },
    {
      "_path": "site-packages/textblob/en/en-morphology.txt",
      "path_type": "hardlink",
      "sha256": "4032100aab324739d0f26fd32d13e2e0f58018066e9b76a0e4cd065bbfc0b248",
      "size_in_bytes": 3274
    },
    {
      "_path": "site-packages/textblob/en/en-sentiment.xml",
      "path_type": "hardlink",
      "sha256": "0ca603db55570bab9b2865716a3696ede01e3da02b570c47628a9dbcc3b37d1e",
      "size_in_bytes": 540708
    },
    {
      "_path": "site-packages/textblob/en/en-spelling.txt",
      "path_type": "hardlink",
      "sha256": "eade91558167fe09a481abf59e176af8643ad78678cc53dd5aeaf2a8b30fa332",
      "size_in_bytes": 321210
    },
    {
      "_path": "site-packages/textblob/en/inflect.py",
      "path_type": "hardlink",
      "sha256": "03d47acb90d444c8d20a51823737f043cf7fcbdc68b99e030bc388099f00aaed",
      "size_in_bytes": 19937
    },
    {
      "_path": "site-packages/textblob/en/np_extractors.py",
      "path_type": "hardlink",
      "sha256": "c558a5f8ee0d0a54b6cb5f32feadb1325ac978ae4b2ccb34fe7292ac53350206",
      "size_in_bytes": 6734
    },
    {
      "_path": "site-packages/textblob/en/parsers.py",
      "path_type": "hardlink",
      "sha256": "747974db236de0b9c46dca0ac85e3bc86b37f291bd14665a297789fb3577bfb7",
      "size_in_bytes": 480
    },
    {
      "_path": "site-packages/textblob/en/sentiments.py",
      "path_type": "hardlink",
      "sha256": "5097bcc5b43b5da00c12739eca0b2d34428a1744f4a7ef0bdd6af69fefa3c373",
      "size_in_bytes": 3813
    },
    {
      "_path": "site-packages/textblob/en/taggers.py",
      "path_type": "hardlink",
      "sha256": "f14fca532a3a54117086dab085014ad2581cf61baa8604a8292961f03e685f70",
      "size_in_bytes": 1061
    },
    {
      "_path": "site-packages/textblob/exceptions.py",
      "path_type": "hardlink",
      "sha256": "642628dc4c54e0d4056c94768ff0f0d7867900f76967b77dba9f3e7565b92f2d",
      "size_in_bytes": 1470
    },
    {
      "_path": "site-packages/textblob/formats.py",
      "path_type": "hardlink",
      "sha256": "bef42d15e1eeed2680c44d84f401bf404f21c11051ba265e8e3de85d2c90e9e7",
      "size_in_bytes": 4427
    },
    {
      "_path": "site-packages/textblob/inflect.py",
      "path_type": "hardlink",
      "sha256": "59621e75b851d884bf82ef68ba9f1c6ce5d72d6ad0d84995b2b83771a87ca922",
      "size_in_bytes": 416
    },
    {
      "_path": "site-packages/textblob/mixins.py",
      "path_type": "hardlink",
      "sha256": "db1d316825413a02622e289e3d578169db1ad68d35cadacc0349d8ffc4bfcae0",
      "size_in_bytes": 6387
    },
    {
      "_path": "site-packages/textblob/np_extractors.py",
      "path_type": "hardlink",
      "sha256": "ca4a23cd34f23de34a5139adad56164329537bd448d1c036ee04e97a5c54bd57",
      "size_in_bytes": 506
    },
    {
      "_path": "site-packages/textblob/parsers.py",
      "path_type": "hardlink",
      "sha256": "1eb5b2d8f43fe6f6581c1a7462d64dc719159bb6a78571d82fe77c1ab533f1db",
      "size_in_bytes": 405
    },
    {
      "_path": "site-packages/textblob/sentiments.py",
      "path_type": "hardlink",
      "sha256": "1787877c025aa9d034c144d8c6fa86893b6922e4542cc0a00df7f5353eff3e61",
      "size_in_bytes": 594
    },
    {
      "_path": "site-packages/textblob/taggers.py",
      "path_type": "hardlink",
      "sha256": "374b039256bf08029e3e2fcf26ba2f611e34e69ea219214747b27f2cd268d364",
      "size_in_bytes": 419
    },
    {
      "_path": "site-packages/textblob/tokenizers.py",
      "path_type": "hardlink",
      "sha256": "e6e475b5b7ea66641e5619709acd56d424f396d3561f80aab17929b32d6dd8b0",
      "size_in_bytes": 2557
    },
    {
      "_path": "site-packages/textblob/translate.py",
      "path_type": "hardlink",
      "sha256": "4c8788957d144ea780dd4288b577f0d99c8d1a9e734af6087c6e79275ad0925d",
      "size_in_bytes": 4512
    },
    {
      "_path": "site-packages/textblob/unicodecsv/__init__.py",
      "path_type": "hardlink",
      "sha256": "6d3f9dbb7f6a9a936df44e19a0d824523e32d214742050f4847ce9b1c0cf6dce",
      "size_in_bytes": 6587
    },
    {
      "_path": "site-packages/textblob/utils.py",
      "path_type": "hardlink",
      "sha256": "9ce88d4d820e9607344e874a36f532b11cc67a5cb68fb505e4d1ff7067d61f3f",
      "size_in_bytes": 1526
    },
    {
      "_path": "site-packages/textblob/wordnet.py",
      "path_type": "hardlink",
      "sha256": "c0c6f360fe0bb1a7e42801cd6af8580aac9fe91ee890886434e6d9a66edef7e5",
      "size_in_bytes": 422
    }
  ],
  "paths_version": 1
}