{
  "channels": [
    "https://repo.anaconda.com/pkgs/main"
  ],
  "conda_build_version": "25.5.0",
  "conda_version": "25.5.1",
  "description": "This module analyzes jpeg/jpeg2000/png/gif image header and\nreturn image size.\n",
  "dev_url": "https://github.com/shibukawa/imagesize_py",
  "doc_source_url": "https://github.com/shibukawa/imagesize_py/blob/master/README.rst",
  "doc_url": "https://pypi.python.org/pypi/imagesize",
  "env_vars": {
    "CIO_TEST": "<not set>"
  },
  "extra": {
    "copy_test_source_files": true,
    "final": true,
    "recipe-maintainers": [
      "chohner"
    ],
    "tool": "perseverence-python-buildout"
  },
  "home": "https://github.com/shibukawa/imagesize_py",
  "identifiers": [],
  "keywords": [],
  "license": "MIT",
  "license_family": "MIT",
  "license_file": "LICENSE.rst",
  "root_pkgs": [
    "abs-sdk 0.1.0+1758.g5b1945d8 py_0",
    "aiobotocore 2.19.0 py39haa95532_0",
    "aiohappyeyeballs 2.4.4 py39haa95532_0",
    "aiohttp 3.11.10 py39h827c3e9_0",
    "aioitertools 0.7.1 pyhd3eb1b0_0",
    "aiosignal 1.2.0 pyhd3eb1b0_0",
    "anaconda-anon-usage 0.7.1 py39hfc23b7f_100",
    "anaconda-channel-scanner 1.4.1 py_0",
    "anaconda-cli-base 0.5.2 py39haa95532_0",
    "anaconda-client 1.13.0 py39haa95532_1",
    "annotated-types 0.6.0 py39haa95532_0",
    "archspec 0.2.3 pyhd3eb1b0_0",
    "async-timeout 5.0.1 py39haa95532_0",
    "attrs 24.3.0 py39haa95532_0",
    "bcrypt 4.3.0 py39h636fa0f_0",
    "beautifulsoup4 4.12.3 py39haa95532_0",
    "boltons 24.1.0 py39haa95532_0",
    "boto3 1.36.3 py39haa95532_0",
    "botocore 1.36.3 py39haa95532_0",
    "brotli-python 1.0.9 py39h5da7b33_9",
    "bzip2 1.0.8 h2bbff1b_6",
    "ca-certificates 2025.2.25 haa95532_0",
    "certifi 2025.4.26 py39haa95532_0",
    "cffi 1.17.1 py39h827c3e9_1",
    "chardet 4.0.0 py39haa95532_1003",
    "charset-normalizer 3.3.2 pyhd3eb1b0_0",
    "click 8.1.8 py39haa95532_0",
    "cloudpickle 3.0.0 py39haa95532_0",
    "colorama 0.4.6 py39haa95532_0",
    "conda 25.5.1 py39haa95532_0",
    "conda-build 25.5.0 py39hcfce1f1_0",
    "conda-content-trust 0.2.0 py39haa95532_1",
    "conda-index 0.6.1 py39haa95532_0",
    "conda-libmamba-solver 25.4.0 pyhd3eb1b0_0",
    "conda-package-handling 2.4.0 py39haa95532_0",
    "conda-package-streaming 0.11.0 py39haa95532_0",
    "console_shortcut_miniconda 0.1.1 haa95532_2",
    "cpp-expected 1.1.0 h214f63a_0",
    "croniter 0.3.35 py_0",
    "cryptography 44.0.1 py39hbd6ee87_0",
    "dask-core 2024.5.0 py39haa95532_0",
    "datadog 0.42.0 pyhd3eb1b0_0",
    "defusedxml 0.7.1 pyhd3eb1b0_0",
    "deprecated 1.2.13 py39haa95532_0",
    "distributed 2024.5.0 py39haa95532_0",
    "distro 1.9.0 py39haa95532_0",
    "docker-py 7.1.0 py39haa95532_0",
    "evalidate 2.0.3 py39haa95532_0",
    "filelock 3.17.0 py39haa95532_0",
    "fmt 9.1.0 h6d14046_1",
    "frozendict 2.4.2 py39h2bbff1b_0",
    "frozenlist 1.5.0 py39h827c3e9_0",
    "fsspec 2025.3.2 py39hbc747e5_0",
    "gitdb 4.0.7 pyhd3eb1b0_0",
    "gitpython 3.1.43 py39haa95532_0",
    "heapdict 1.0.1 pyhd3eb1b0_0",
    "idna 3.7 py39haa95532_0",
    "importlib-metadata 8.5.0 py39haa95532_0",
    "importlib_resources 6.4.0 py39haa95532_0",
    "jinja2 3.1.6 py39haa95532_0",
    "jmespath 1.0.1 py39haa95532_0",
    "jsonpatch 1.33 py39haa95532_1",
    "jsonpointer 2.1 pyhd3eb1b0_0",
    "jsonschema 4.23.0 py39haa95532_0",
    "jsonschema-specifications 2023.7.1 py39haa95532_0",
    "jupyter_core 5.7.2 py39haa95532_0",
    "libarchive 3.7.7 h9243413_0",
    "libcurl 8.12.1 h9da9810_0",
    "libiconv 1.16 h2bbff1b_3",
    "liblief 0.16.4 h585ebfc_0",
    "libmamba 2.0.5 hcd6fe79_1",
    "libmambapy 2.0.5 py39h214f63a_1",
    "libsolv 0.7.30 hf2fb9eb_1",
    "libssh2 1.11.1 h2addb87_0",
    "libxml2 2.13.8 h866ff63_0",
    "locket 1.0.0 py39haa95532_0",
    "lz4-c 1.9.4 h2bbff1b_1",
    "m2-msys2-runtime 2.5.0.17080.65c939c 3",
    "m2-patch 2.7.5 2",
    "markdown-it-py 2.2.0 py39haa95532_1",
    "markupsafe 3.0.2 py39h827c3e9_0",
    "marshmallow 3.19.0 py39haa95532_0",
    "marshmallow-oneofschema 3.2.0 py39haa95532_0",
    "mbedtls 3.5.1 h5da7b33_1",
    "mdurl 0.1.0 py39haa95532_0",
    "menuinst 2.2.0 py39h5da7b33_1",
    "msgpack-python 1.0.3 py39h59b6b97_0",
    "msys2-conda-epoch 20160418 1",
    "multidict 6.1.0 py39h827c3e9_0",
    "mypy_extensions 1.0.0 py39haa95532_0",
    "natsort 7.1.1 pyhd3eb1b0_0",
    "nbformat 5.10.4 py39haa95532_0",
    "nlohmann_json 3.11.2 h6c2663c_0",
    "openssl 3.0.16 h3f729d1_0",
    "packaging 24.2 py39haa95532_0",
    "paramiko 3.5.0 py39haa95532_0",
    "partd 1.4.2 py39haa95532_0",
    "pcre2 10.42 h0ff8eda_1",
    "pendulum 3.1.0 py39h636fa0f_0",
    "percy 0.1.0 pyhd3eb1b0_0",
    "pip 25.1 pyhc872135_2",
    "pkginfo 1.12.0 py39haa95532_0",
    "platformdirs 4.3.7 py39haa95532_0",
    "pluggy 1.5.0 py39haa95532_0",
    "powershell_shortcut_miniconda 0.0.1 haa95532_2",
    "prefect 1.4.1 pyhd3eb1b0_1",
    "propcache 0.3.1 py39h827c3e9_0",
    "psutil 5.9.0 py39h827c3e9_1",
    "py-lief 0.16.4 py39h585ebfc_0",
    "pybind11-abi 5 hd3eb1b0_0",
    "pycosat 0.6.6 py39h827c3e9_2",
    "pycparser 2.21 pyhd3eb1b0_0",
    "pydantic 2.10.3 py39haa95532_0",
    "pydantic-core 2.27.1 py39h636fa0f_0",
    "pydantic-settings 2.6.1 py39haa95532_0",
    "pygithub 2.4.0 py39haa95532_0",
    "pygments 2.19.1 py39haa95532_0",
    "pyjwt 2.10.1 py39haa95532_0",
    "pynacl 1.5.0 py39h7edc060_1",
    "pyopenssl 25.0.0 py39hb6ff9d5_0",
    "pysocks 1.7.1 py39haa95532_0",
    "python 3.9.18 h1aa4202_0",
    "python-box 5.4.1 pyhd3eb1b0_0",
    "python-dateutil 2.9.0post0 py39haa95532_2",
    "python-dotenv 1.1.0 py39haa95532_0",
    "python-fastjsonschema 2.20.0 py39haa95532_0",
    "python-json-logger 3.2.1 py39haa95532_0",
    "python-libarchive-c 5.1 pyhd3eb1b0_0",
    "python-lmdb 1.6.2 py39h5da7b33_0",
    "python-slugify 5.0.2 pyhd3eb1b0_0",
    "python-tzdata 2025.2 pyhd3eb1b0_0",
    "pytz 2024.1 py39haa95532_0",
    "pywin32 308 py39h5da7b33_0",
    "pyyaml 6.0.2 py39h827c3e9_0",
    "readchar 4.0.5 py39haa95532_0",
    "referencing 0.30.2 py39haa95532_0",
    "reproc 14.2.4 hd77b12b_2",
    "reproc-cpp 14.2.4 hd77b12b_2",
    "requests 2.32.3 py39haa95532_1",
    "requests-toolbelt 1.0.0 py39haa95532_0",
    "rich 13.9.4 py39haa95532_0",
    "rpds-py 0.22.3 py39h636fa0f_0",
    "ruamel.yaml 0.18.10 py39h827c3e9_0",
    "ruamel.yaml.clib 0.2.12 py39h827c3e9_0",
    "s3transfer 0.11.2 py39haa95532_0",
    "setuptools 78.1.1 py39haa95532_0",
    "shellingham 1.5.0 py39haa95532_0",
    "simdjson 3.10.1 h214f63a_0",
    "six 1.17.0 py39haa95532_0",
    "slack-sdk 3.19.5 pyhaa95532_0",
    "smmap 4.0.0 pyhd3eb1b0_0",
    "sortedcontainers 2.4.0 pyhd3eb1b0_0",
    "soupsieve 2.5 py39haa95532_0",
    "spdlog 1.11.0 h59b6b97_0",
    "sqlite 3.45.3 h2bbff1b_0",
    "tabulate 0.9.0 py39haa95532_0",
    "tblib 1.7.0 pyhd3eb1b0_0",
    "termcolor 2.1.0 py39haa95532_0",
    "text-unidecode 1.3 pyhd3eb1b0_0",
    "toml 0.10.2 pyhd3eb1b0_0",
    "tomli 2.0.1 py39haa95532_0",
    "toolz 1.0.0 py39haa95532_0",
    "tornado 6.5.1 py39h827c3e9_0",
    "tqdm 4.67.1 py39h9909e9c_0",
    "traitlets 5.14.3 py39haa95532_0",
    "typer 0.9.0 py39haa95532_0",
    "typing-extensions 4.12.2 py39haa95532_0",
    "typing_extensions 4.12.2 py39haa95532_0",
    "tzdata 2025b h04d1e81_0",
    "unidecode 1.3.8 py39haa95532_0",
    "urllib3 1.26.19 py39haa95532_0",
    "vc 14.42 haa95532_5",
    "vs2015_runtime 14.42.34433 hbfb602d_5",
    "websocket-client 1.8.0 py39haa95532_0",
    "wheel 0.45.1 py39haa95532_0",
    "win_inet_pton 1.1.0 py39haa95532_0",
    "wrapt 1.17.0 py39h827c3e9_0",
    "xz 5.6.4 h4754444_1",
    "yaml 0.2.5 he774522_0",
    "yaml-cpp 0.8.0 hd77b12b_1",
    "yarl 1.18.0 py39h827c3e9_0",
    "zict 3.0.0 py39haa95532_0",
    "zipp 3.21.0 py39haa95532_0",
    "zlib 1.2.13 h8cc25b3_1",
    "zstandard 0.23.0 py39h4fc1ca9_1",
    "zstd 1.5.6 h8880b57_0"
  ],
  "summary": "Getting image size from png/jpeg/jpeg2000/gif file",
  "tags": []
}