{
  "paths": [
    {
      "_path": "Lib/site-packages/imagesize-1.4.1.dist-info/INSTALLER",
      "path_type": "hardlink",
      "sha256": "d0edee15f91b406f3f99726e44eb990be6e34fd0345b52b910c568e0eef6a2a8",
      "size_in_bytes": 5
    },
    {
      "_path": "Lib/site-packages/imagesize-1.4.1.dist-info/METADATA",
      "path_type": "hardlink",
      "sha256": "49c20ed32d4ef0cbf2d0640850645bcd277b43ee3dc034a864a66e7fa5ca23a1",
      "size_in_bytes": 1665
    },
    {
      "_path": "Lib/site-packages/imagesize-1.4.1.dist-info/RECORD",
      "path_type": "hardlink",
      "sha256": "369634f06c278ba4d669ea411cf97761a6f28949d906d19057342a3d13a00a38",
      "size_in_bytes": 952
    },
    {
      "_path": "Lib/site-packages/imagesize-1.4.1.dist-info/REQUESTED",
      "path_type": "hardlink",
      "sha256": "e3b0c44298fc1c149afbf4c8996fb92427ae41e4649b934ca495991b7852b855",
      "size_in_bytes": 0
    },
    {
      "_path": "Lib/site-packages/imagesize-1.4.1.dist-info/WHEEL",
      "path_type": "hardlink",
      "sha256": "ef001b648f00d548cdfa3e3e6987faeaa071399d08a32d1037292463935c189a",
      "size_in_bytes": 109
    },
    {
      "_path": "Lib/site-packages/imagesize-1.4.1.dist-info/direct_url.json",
      "path_type": "hardlink",
      "sha256": "6d4abd92e1c9a28ecd5500cdcdb09492b2fa07e38963e3607e60899421a917b7",
      "size_in_bytes": 97
    },
    {
      "_path": "Lib/site-packages/imagesize-1.4.1.dist-info/licenses/LICENSE.rst",
      "path_type": "hardlink",
      "sha256": "d0659c2767a164c2bf2736ee9f7bb619e0f165c89a962839de53fd5f77f62f4e",
      "size_in_bytes": 1120
    },
    {
      "_path": "Lib/site-packages/imagesize-1.4.1.dist-info/top_level.txt",
      "path_type": "hardlink",
      "sha256": "fff8fa9258b3a0a09a664db55b6f9d29c400565769d28a5f1d5122122664e914",
      "size_in_bytes": 10
    },
    {
      "_path": "Lib/site-packages/imagesize/__init__.py",
      "path_type": "hardlink",
      "sha256": "615b44aa4689aa0b7e1e720d133832755f5e1a1b2a07f8802161035e36cbcb30",
      "size_in_bytes": 102
    },
    {
      "_path": "Lib/site-packages/imagesize/__pycache__/__init__.cpython-314.pyc",
      "path_type": "hardlink",
      "sha256": "152301faa0e63bc475a82b3dd79c4df3cd312b010087d12f94dce018a7431823",
      "size_in_bytes": 266
    },
    {
      "_path": "Lib/site-packages/imagesize/__pycache__/imagesize.cpython-314.pyc",
      "path_type": "hardlink",
      "sha256": "3cd973a8958ed5938d6ba15160ddbb2545a9ad66c9389d45d37dc4c3cc4f2c4d",
      "size_in_bytes": 16775
    },
    {
      "_path": "Lib/site-packages/imagesize/imagesize.py",
      "path_type": "hardlink",
      "sha256": "955631fd5661ce576af667154cf8924c1509329915791ffd7b67a0feeff32e13",
      "size_in_bytes": 13992
    }
  ],
  "paths_version": 1
}